-- MySQL Administrator dump 1.4
--
-- ------------------------------------------------------
-- Server version	5.7.20-log


/*!40101 SET @OLD_CHARACTER_SET_CLIENT=@@CHARACTER_SET_CLIENT */;
/*!40101 SET @OLD_CHARACTER_SET_RESULTS=@@CHARACTER_SET_RESULTS */;
/*!40101 SET @OLD_COLLATION_CONNECTION=@@COLLATION_CONNECTION */;
/*!40101 SET NAMES utf8 */;

/*!40014 SET @OLD_UNIQUE_CHECKS=@@UNIQUE_CHECKS, UNIQUE_CHECKS=0 */;
/*!40014 SET @OLD_FOREIGN_KEY_CHECKS=@@FOREIGN_KEY_CHECKS, FOREIGN_KEY_CHECKS=0 */;
/*!40101 SET @OLD_SQL_MODE=@@SQL_MODE, SQL_MODE='NO_AUTO_VALUE_ON_ZERO' */;


--
-- Create schema bdsgdyungay
--

CREATE DATABASE IF NOT EXISTS bdsgdyungay;
USE bdsgdyungay;

--
-- Definition of table `clasificacions`
--

DROP TABLE IF EXISTS `clasificacions`;
CREATE TABLE `clasificacions` (
  `id` int(11) NOT NULL AUTO_INCREMENT,
  `clasificacion` varchar(500) DEFAULT NULL,
  `activo` tinyint(4) DEFAULT NULL,
  `borrado` tinyint(4) DEFAULT NULL,
  `created_at` timestamp NULL DEFAULT NULL,
  `updated_at` timestamp NULL DEFAULT NULL,
  PRIMARY KEY (`id`)
) ENGINE=InnoDB AUTO_INCREMENT=5 DEFAULT CHARSET=utf8;

--
-- Dumping data for table `clasificacions`
--

/*!40000 ALTER TABLE `clasificacions` DISABLE KEYS */;
INSERT INTO `clasificacions` (`id`,`clasificacion`,`activo`,`borrado`,`created_at`,`updated_at`) VALUES 
 (1,'Silencio Positivo',1,0,NULL,NULL),
 (2,'Silencio Negativo',1,0,NULL,NULL),
 (3,'Automático',1,0,NULL,NULL),
 (4,'Ninguna',1,0,NULL,NULL);
/*!40000 ALTER TABLE `clasificacions` ENABLE KEYS */;


--
-- Definition of table `detalletramites`
--

DROP TABLE IF EXISTS `detalletramites`;
CREATE TABLE `detalletramites` (
  `id` int(11) NOT NULL AUTO_INCREMENT,
  `estado` tinyint(4) DEFAULT NULL,
  `detalleestado` varchar(500) DEFAULT NULL,
  `observacion` text,
  `fechadetalle` date DEFAULT NULL,
  `activo` tinyint(4) DEFAULT NULL,
  `borrado` tinyint(4) DEFAULT NULL,
  `created_at` timestamp NULL DEFAULT NULL,
  `updated_at` timestamp NULL DEFAULT NULL,
  `tramite_id` int(11) NOT NULL,
  `user_id` int(11) DEFAULT NULL,
  PRIMARY KEY (`id`),
  KEY `fk_detalletramites_tramites1_idx` (`tramite_id`),
  CONSTRAINT `fk_detalletramites_tramites1` FOREIGN KEY (`tramite_id`) REFERENCES `tramites` (`id`) ON DELETE NO ACTION ON UPDATE NO ACTION
) ENGINE=InnoDB AUTO_INCREMENT=13 DEFAULT CHARSET=utf8;

--
-- Dumping data for table `detalletramites`
--

/*!40000 ALTER TABLE `detalletramites` DISABLE KEYS */;
INSERT INTO `detalletramites` (`id`,`estado`,`detalleestado`,`observacion`,`fechadetalle`,`activo`,`borrado`,`created_at`,`updated_at`,`tramite_id`,`user_id`) VALUES 
 (1,1,'Trámite Inicializado','Trámite Inicializado por el UsuarioRaul Quezada','2019-07-26',1,0,'2019-07-26 11:26:41','2019-07-26 11:26:41',4,4),
 (2,1,'Trámite Inicializado','Trámite Inicializado por el UsuarioRaul Quezada','2019-07-26',1,0,'2019-07-26 11:26:56','2019-07-26 11:26:56',5,4),
 (3,1,'Trámite Inicializado','Trámite Inicializado por el UsuarioRaul Quezada','2019-07-26',1,0,'2019-07-26 11:32:43','2019-07-26 11:32:43',6,4),
 (4,1,'Trámite Inicializado','Trámite Inicializado por el UsuarioRaul Quezada','2019-07-26',1,0,'2019-07-26 11:33:52','2019-07-26 11:33:52',7,4),
 (5,1,'Trámite Inicializado','Trámite Inicializado por el UsuarioRaul Quezada','2019-07-26',1,0,'2019-07-26 11:36:18','2019-07-26 11:36:18',8,4),
 (6,1,'Trámite Inicializado','Trámite Inicializado por el UsuarioRaul Quezada','2019-07-26',1,0,'2019-07-26 11:38:21','2019-07-26 11:38:21',9,4),
 (7,1,'Trámite Inicializado','Trámite Inicializado por el UsuarioRaul Quezada','2019-07-26',1,0,'2019-07-26 11:59:05','2019-07-26 11:59:05',10,4),
 (8,1,'Trámite Inicializado','Trámite Inicializado por el UsuarioRaul Quezada','2019-07-26',1,0,'2019-07-26 12:00:40','2019-07-26 12:00:40',11,4),
 (9,1,'Trámite Inicializado','Trámite Inicializado por el UsuarioRaul Quezada','2019-07-26',1,0,'2019-07-26 12:02:24','2019-07-26 12:02:24',12,4),
 (10,1,'Trámite Inicializado','Trámite Inicializado por el UsuarioRaul Quezada','2019-07-26',1,0,'2019-07-26 12:06:57','2019-07-26 12:06:57',13,4),
 (11,1,'Trámite Inicializado','Trámite Inicializado por el UsuarioRaul Quezada','2019-07-26',1,0,'2019-07-26 12:09:23','2019-07-26 12:09:23',14,4),
 (12,1,'Trámite Inicializado','Trámite Inicializado por el UsuarioRaul Quezada','2019-07-26',1,0,'2019-07-26 12:11:20','2019-07-26 12:11:20',15,4);
/*!40000 ALTER TABLE `detalletramites` ENABLE KEYS */;


--
-- Definition of table `entidads`
--

DROP TABLE IF EXISTS `entidads`;
CREATE TABLE `entidads` (
  `id` int(11) NOT NULL AUTO_INCREMENT,
  `codigo` varchar(45) DEFAULT NULL,
  `nombre` varchar(500) DEFAULT NULL,
  `activo` tinyint(4) DEFAULT NULL,
  `borrado` tinyint(4) DEFAULT NULL,
  `created_at` timestamp NULL DEFAULT NULL,
  `updated_at` timestamp NULL DEFAULT NULL,
  `siglas` varchar(45) DEFAULT NULL,
  `abrev` varchar(45) DEFAULT NULL,
  `detalle` varchar(200) DEFAULT NULL,
  PRIMARY KEY (`id`)
) ENGINE=InnoDB AUTO_INCREMENT=160 DEFAULT CHARSET=utf8;

--
-- Dumping data for table `entidads`
--

/*!40000 ALTER TABLE `entidads` DISABLE KEYS */;
INSERT INTO `entidads` (`id`,`codigo`,`nombre`,`activo`,`borrado`,`created_at`,`updated_at`,`siglas`,`abrev`,`detalle`) VALUES 
 (1,'147','ADEX',1,0,NULL,NULL,'','A',''),
 (2,'606','ADMINISTRATIVOS CESANTES - YUNGAY',1,0,NULL,NULL,'ACY','ADM-CES-YUNGAY',''),
 (3,'337','AGENCIA AGRARIA',1,0,NULL,NULL,'','AA',''),
 (4,'114','AGENCIA DE COOPERACION TECNICA INTERNACIONAL',1,0,NULL,NULL,'','ACTI',''),
 (5,'73','AGRORURAL',1,0,NULL,NULL,'','A',''),
 (6,'56','ALDEAS INFANTILES',1,0,NULL,NULL,'','AI',''),
 (7,'101','ARCHIVO GENERAL DE LA NACION',1,0,NULL,NULL,'','AGN',''),
 (8,'244','ASOCIACIONES',1,0,NULL,NULL,'','AS',''),
 (9,'752','AUTORIDAD NACIONAL DEL SERVICIO CIVIL',1,0,NULL,NULL,'SERVIR/PE','ANSC',''),
 (10,'45','BANCOS',1,0,NULL,NULL,'','BP',''),
 (11,'109','BENEFICIENCIAS PUBLICAS',1,0,NULL,NULL,'','BP',''),
 (12,'80','CENTRO DE ALTOS ESTUDIOS NAC',1,0,NULL,NULL,'','CAE',''),
 (13,'225','CENTRO DE CONCILIACION',1,0,NULL,NULL,'','CC',''),
 (14,'91','CENTROS EDUCATIVOS',1,0,NULL,NULL,'','CE',''),
 (15,'132','CENTROS POBLADOS',1,0,NULL,NULL,'','CP',''),
 (16,'342','CLAS',1,0,NULL,NULL,'CLAS','CS',''),
 (17,'641','CLINICA',1,0,NULL,NULL,'','CL',''),
 (18,'227','COFOPRI',1,0,NULL,NULL,'','COFOPRI',''),
 (19,'163','COLEGIOS PROFESIONALES',1,0,NULL,NULL,'','CP',''),
 (20,'121','COMISION PROMOCION PEQUEÑAY MICRO EMPRESA',1,0,NULL,NULL,'','CPPME',''),
 (21,'131','COMITES',1,0,NULL,NULL,'','CO',''),
 (22,'128','COMUNIDADES CAMPESINAS',1,0,NULL,NULL,'','CCP',''),
 (23,'47','CONGRESO DE LA REPUBLICA',1,0,NULL,NULL,'','CRP',''),
 (24,'200','CONSEJEROS REGIONALES',1,0,NULL,NULL,'','CR',''),
 (25,'63','CONSEJO NACIONAL CALIFICACION',1,0,NULL,NULL,'','CNC',''),
 (26,'66','CONSEJO NACIONAL DE DESCENTRALIZACION',1,0,NULL,NULL,'','CND',''),
 (27,'64','CONSEJO SUPREO CONTRATACIONES Y ADQUISICIONES DEL ESTADO',1,0,NULL,NULL,'','',''),
 (28,'82','CONTADURIA PUBLICA DE LA NACION',1,0,NULL,NULL,'','CPN',''),
 (29,'51','CONTRALORIA GENERAL DE LA REPUBLICA',1,0,NULL,NULL,'','CGR',''),
 (30,'224','CONTRATISTAS',1,0,NULL,NULL,'','CONTRA',''),
 (31,'110','COOPERACION POPULAR',1,0,NULL,NULL,'','CP',''),
 (32,'83','CORPORACION FINANCIERA DE DESARROLLO',1,0,NULL,NULL,'','CFDE',''),
 (33,'247','CORTE SUPERIOR DE JUSTICIA',1,0,NULL,NULL,'','CSJ',''),
 (34,'49','CORTE SUPERIOR DE JUSTICIA ANCASH',1,0,NULL,NULL,'','CSJA',''),
 (35,'215','CORTE SUPERIOR DE JUSTICIA DEL SANTA',1,0,NULL,NULL,'','CSJS',''),
 (36,'48','CORTE SUPREMA DE JUSTICIA',1,0,NULL,NULL,'','CSJ',''),
 (37,'65','CUERPO GENERAL DE BOMBEROS',1,0,NULL,NULL,'','CGB',''),
 (38,'53','DEFENSORIA DEL PUEBLO',1,0,NULL,NULL,'','DP',''),
 (39,'931','DESEMBARCADERO PESQUERO ARTESANAL DE CASMA',1,0,NULL,NULL,'','DPA CASMA',''),
 (40,'932','DESEMBARCADERO PESQUERO ARTESANAL DE CHIMBOTE',1,0,NULL,NULL,'DPA CHIMBOTE','DPA CHIMBOTE',''),
 (41,'933','DESEMBARCADERO PESQUERO ARTESANAL DE CULEBRAS',1,0,NULL,NULL,'DPA CULEBRAS','DPA CULEBRAS',''),
 (42,'934','DESEMBARCADERO PESQUERO ARTESANAL DE LOS CHIMUS',1,0,NULL,NULL,'DPA LOS CHIMUS','DPA LOS CHIMUS',''),
 (43,'52','DIARIO OFICIAL EL PERUANO',1,0,NULL,NULL,'','DOP',''),
 (44,'71','DIRECCION REGIONAL DE AGRICULTURA',1,0,NULL,NULL,'','DRA',''),
 (45,'89','DIRECCION REGIONAL DE EDUCACION',1,0,NULL,NULL,'','DREA',''),
 (46,'97','DIRECCION REGIONAL DE ENERGIA Y MINAS',1,0,NULL,NULL,'','DREM',''),
 (47,'105','DIRECCION REGIONAL DE INDUSTRIA',1,0,NULL,NULL,'','DRI',''),
 (48,'106','DIRECCION REGIONAL DE PESQUERIA',1,0,NULL,NULL,'','DRP',''),
 (49,'162','DIRECCION REGIONAL DE PRODUCCION',1,0,NULL,NULL,'','DRP',''),
 (50,'117','DIRECCION REGIONAL DE SALUD',1,0,NULL,NULL,'','DIRES',''),
 (51,'120','DIRECCION REGIONAL DE TRABAJO Y PROMOCION DEL EMPLEO-ANCASH',1,0,NULL,NULL,'','DRTPE',''),
 (52,'124','DIRECCION REGIONAL DE TRANSPORTES Y COMUNICACIONES',1,0,NULL,NULL,'DRTC-GRA','DRTC',''),
 (53,'127','DIRECCION REGIONAL DE VIVIENDA CONSTRUCCION Y SANEAMIENTO',1,0,NULL,NULL,'','DRVCS',''),
 (54,'145','DIRECCIONES REGIONALES DIRCETURS',1,0,NULL,NULL,'','DR',''),
 (55,'146','DIRECCIONES ZONALES',1,0,NULL,NULL,'','DZ',''),
 (56,'912','DIRECCIÓN REGIONAL DE LA PRODUCCIÓN ',1,0,NULL,NULL,'GRA-GRDE-DIREPRO','DIREPRO',''),
 (57,'605','DOCENTES CESANTES - YUNGAY',1,0,NULL,NULL,'DCY','DOC-CES-YUNGAY',''),
 (58,'79','EJERCITO PERUANO',1,0,NULL,NULL,'','EP',''),
 (59,'115','EMBAJADAS',1,0,NULL,NULL,'','E',''),
 (60,'130','EMPRESAS',1,0,NULL,NULL,'','EM',''),
 (61,'208','EPS CHAVIN',1,0,NULL,NULL,'','EPS',''),
 (62,'211','ESSALUD',1,0,NULL,NULL,'','ES',''),
 (63,'275','ESTABLECIMIENTO DE SALUD',1,0,NULL,NULL,'','EESS',''),
 (64,'54','FISCALIAS',1,0,NULL,NULL,'','FN',''),
 (65,'111','FONCODES',1,0,NULL,NULL,'','F',''),
 (66,'107','FONDO NACIONAL DE DESARROLLO PESQUERO',1,0,NULL,NULL,'','FNDP',''),
 (67,'84','FONDO NACIONAL DE VIVIENDA',1,0,NULL,NULL,'','FNV',''),
 (68,'55','FUNDACION POR LOS NIÑOS DEL PERU',1,0,NULL,NULL,'','FPNP',''),
 (69,'490','GERENCIA CONCHUCOS ALTO',1,0,NULL,NULL,'-GCHA','GCHA',''),
 (70,'67','GOBIERNOS REGIONALES',1,0,NULL,NULL,'','GRS',''),
 (71,'98','HIDRANDINA ELECTRO PERU',1,0,NULL,NULL,'','HEP',''),
 (72,'442','HOSPITAL VICTOR RAMOS GUARDIA',1,0,NULL,NULL,'','HVRG',''),
 (73,'206','HOSPITALES',1,0,NULL,NULL,'','HPT',''),
 (74,'112','INABIF',1,0,NULL,NULL,'','I',''),
 (75,'148','INDECOPI',1,0,NULL,NULL,'','I',''),
 (76,'72','INRENA PARQUE NACIONAL HUASCARAN',1,0,NULL,NULL,'','PNH',''),
 (77,'203','INSTITUCIONES EDUCATIVAS',1,0,NULL,NULL,'','IE',''),
 (78,'938','INSTITUCIONES EDUCATIVAS - PALLASCA',1,0,NULL,NULL,'','IE-PALLASCA',''),
 (79,'598','INSTITUCIONES EDUCATIVAS-YUNGAY',1,0,NULL,NULL,'','',''),
 (80,'95','INSTITUTO DE RADIO Y TELEVISION',1,0,NULL,NULL,'','IRTP',''),
 (81,'216','INSTITUTO GEOLOGICO MINERO Y METALURGICO',1,0,NULL,NULL,'','INGEMMET',''),
 (82,'93','INSTITUTO NACIONAL DE CULTURA',1,0,NULL,NULL,'','INC',''),
 (83,'69','INSTITUTO NACIONAL DE DEFENSA CIVIL',1,0,NULL,NULL,'','INDECI',''),
 (84,'68','INSTITUTO NACIONAL DE ESTADISTICA E INFORMATICA',1,0,NULL,NULL,'','INEI',''),
 (85,'102','INSTITUTO NACIONAL PENITENCIARIO',1,0,NULL,NULL,'','INPE',''),
 (86,'94','INSTITUTO PERUANO DEL DEPORTE',1,0,NULL,NULL,'','IPD',''),
 (87,'92','INSTITUTOS SUPERIORES',1,0,NULL,NULL,'','IS',''),
 (88,'143','IPERU',1,0,NULL,NULL,'','IP',''),
 (89,'57','JURADO NACIONAL DE ELECCIONES',1,0,NULL,NULL,'','JNE',''),
 (90,'50','JUZGADOS',1,0,NULL,NULL,'','J',''),
 (91,'341','MICRO RED',1,0,NULL,NULL,'MICRO','MIRED',''),
 (92,'70','MINISTERIO DE AGRICULTURA',1,0,NULL,NULL,'','MINAGRO',''),
 (93,'75','MINISTERIO DE COMERCIO EXTERIOR',1,0,NULL,NULL,'','MINCETUR',''),
 (94,'218','MINISTERIO DE CULTURA',1,0,NULL,NULL,'','MC',''),
 (95,'78','MINISTERIO DE DEFENSA',1,0,NULL,NULL,'','MND',''),
 (96,'298','MINISTERIO DE DESARROLLO E INCLUSION SOCIAL ',1,0,NULL,NULL,'','MD',''),
 (97,'81','MINISTERIO DE ECONOMIA Y FINANZAS',1,0,NULL,NULL,'','MEF',''),
 (98,'88','MINISTERIO DE EDUCACION',1,0,NULL,NULL,'','MINEDU',''),
 (99,'96','MINISTERIO DE ENERGIA Y MINAS',1,0,NULL,NULL,'','MEM',''),
 (100,'99','MINISTERIO DE INTERIOR',1,0,NULL,NULL,'','MI',''),
 (101,'100','MINISTERIO DE JUSTICIA',1,0,NULL,NULL,'','MJ',''),
 (102,'108','MINISTERIO DE LA MUJER Y DESARROLLO SOCIAL',1,0,NULL,NULL,'','MMDS',''),
 (103,'104','MINISTERIO DE LA PRODUCCION',1,0,NULL,NULL,'','MPRO',''),
 (104,'113','MINISTERIO DE RELACIONES EXTERIORES',1,0,NULL,NULL,'','MRE',''),
 (105,'116','MINISTERIO DE SALUD',1,0,NULL,NULL,'','',''),
 (106,'119','MINISTERIO DE TRABAJO Y PROMOCION DE EMPLEO',1,0,NULL,NULL,'','MTPE',''),
 (107,'123','MINISTERIO DE TRANSPORTES Y COMUNICACIONES',1,0,NULL,NULL,'','MTC',''),
 (108,'126','MINISTERIO DE VIVIENDA CONSTRUCCION Y SANEAMIENTO',1,0,NULL,NULL,'','MVCS',''),
 (109,'199','MINISTERIO DEL AMBIENTE',1,0,NULL,NULL,'','MA',''),
 (110,'213','MINISTERIO PUBLICO',1,0,NULL,NULL,'','MP',''),
 (111,'161','MUNICIPALIDAD DE CENTROS POBLADOS',1,0,NULL,NULL,'','MCP',''),
 (112,'44','MUNICIPALIDAD PROVINCIAL',1,0,NULL,NULL,'','MUNIC.PROV.',''),
 (113,'46','MUNICIPALIDADES DISTRITALES',1,0,NULL,NULL,'','MD',''),
 (114,'133','NUCLEOS EJECUTORES',1,0,NULL,NULL,'','NE',''),
 (115,'207','OFICINA DE ENLACE LIMA',1,0,NULL,NULL,'','OEL',''),
 (116,'85','OFICINA NACIONAL DE NORMALIZACION Y PREVENCION',1,0,NULL,NULL,'','ONP',''),
 (117,'144','ONGS',1,0,NULL,NULL,'','ON',''),
 (118,'249','ORGANISMO DE EVALUACION Y FISCALIZACION AMBIENTAL',1,0,NULL,NULL,'','OEFA',''),
 (119,'217','ORGANISMO SUPERVISOR DE LA INVERSION EN ENERGIA Y MINERIA',1,0,NULL,NULL,'','OSINERGMIN',''),
 (120,'204','ORGANIZACION DE ESTADOS IBEROAMERICANOS',1,0,NULL,NULL,'OEI','OEI',''),
 (121,'245','ORGANIZACIONES SOCIALES',1,0,NULL,NULL,'','OS',''),
 (122,'226','OSCE',1,0,NULL,NULL,'','OSCE',''),
 (123,'228','OTRAS INSTITUCIONES',1,0,NULL,NULL,'','OT',''),
 (124,'209','PERSONA NATURAL',1,0,NULL,NULL,'','PN',''),
 (125,'229','PODER JUDICIAL',1,0,NULL,NULL,'','PJ',''),
 (126,'38','POLICIA NACIONAL DEL PERU',1,0,NULL,NULL,'','PNP',''),
 (127,'62','PRESIDENCIA DE CONSEJO DE MINISTROS',1,0,NULL,NULL,'','PCM',''),
 (128,'61','PRESIDENCIA DE LA REPUBLICA',1,0,NULL,NULL,'','PR',''),
 (129,'58','PROCURADURIA GENERAL DE LA REPUBLICA',1,0,NULL,NULL,'','PGR',''),
 (130,'125','PROGRAMA CAMINOS RURALES',1,0,NULL,NULL,'','PCR',''),
 (131,'142','PROMPERU',1,0,NULL,NULL,'','PP',''),
 (132,'164','PROYECTO ESPECIAL CHINECAS',1,0,NULL,NULL,'','PECH',''),
 (133,'962','PUESTOS DE SALUD',1,0,NULL,NULL,'PS','PS',''),
 (134,'274','RED DE SALUD',1,0,NULL,NULL,'','RS',''),
 (135,'417','RED DE SALUD PACIFICO NORTE',1,0,NULL,NULL,'RED/SALUD/P/NORTE','RSPN',''),
 (136,'212','REGISTRO NACIONAL DE IDENTIFICACION Y ESTADO CIVIL',1,0,NULL,NULL,'','RENIEC',''),
 (137,'122','SEGURO SOCIAL DEL PERU',1,0,NULL,NULL,'','SSP',''),
 (138,'383','SENASA',1,0,NULL,NULL,'','S',''),
 (139,'336','SERNAP',1,0,NULL,NULL,'','SERNAP',''),
 (140,'640','SERPOST',1,0,NULL,NULL,'','SP',''),
 (141,'77','SERVICIO NACIONAL DE ADIESTRAMIENTO EN TRABAJO',1,0,NULL,NULL,'','SNA',''),
 (142,'74','SERVICIO NACIONAL DE SANIDAD',1,0,NULL,NULL,'','SNS',''),
 (143,'246','SINDICATO',1,0,NULL,NULL,'','S',''),
 (144,'129','SOCIEDAD CIVIL',1,0,NULL,NULL,'','SC',''),
 (145,'189','SUB REGIONES',1,0,NULL,NULL,'','SR',''),
 (146,'87','SUPERINTENDENCIA DE ADMINISTRACION TRIBUTARIA',1,0,NULL,NULL,'','SUNAT',''),
 (147,'86','SUPERINTENDENCIA DE BIENES NACIONALES',1,0,NULL,NULL,'','SBN',''),
 (148,'299','SUPERINTENDENCIA DE TRANSPORTE TERRESTRE DE PERSONAS, CARGA Y MERCANCIAS',1,0,NULL,NULL,'','ST',''),
 (149,'676','SUPERINTENDENCIA NACIONAL DE ADUANAS Y DE ADMINISTRACIóN TRIBUTARIA',1,0,NULL,NULL,'SUNAT','SUNAT',''),
 (150,'103','SUPERINTENDENCIA NACIONAL DE REGISTROS',1,0,NULL,NULL,'','SIR',''),
 (151,'59','TELEFONIA DEL PERU',1,0,NULL,NULL,'','TP',''),
 (152,'668','TERMINAL PORTUARIO DE CHIMBOTE',1,0,NULL,NULL,'','TPCH',''),
 (153,'248','TRIBUNAL ARBITRAL',1,0,NULL,NULL,'','TA',''),
 (154,'363','TRIBUNAL CONSTITUCIONAL',1,0,NULL,NULL,'','TC',''),
 (155,'739','UNIDAD DE GLACIOLOGIA Y RECURSOS HIDRICOS',1,0,NULL,NULL,'','UGRH',''),
 (156,'118','UNIDAD TERRITORIAL DE SALUD HOSPITALES',1,0,NULL,NULL,'','UTH',''),
 (157,'90','UNIDADES DE GESTION EDUCATIVA',1,0,NULL,NULL,'','',''),
 (158,'397','UNIDADES EJECUTORAS',1,0,NULL,NULL,'','UE',''),
 (159,'60','UNIVERSIDADES',1,0,NULL,NULL,'','UP','');
/*!40000 ALTER TABLE `entidads` ENABLE KEYS */;


--
-- Definition of table `formarecepcions`
--

DROP TABLE IF EXISTS `formarecepcions`;
CREATE TABLE `formarecepcions` (
  `id` int(11) NOT NULL AUTO_INCREMENT,
  `forma` varchar(500) DEFAULT NULL,
  `activo` tinyint(4) DEFAULT NULL,
  `borrado` tinyint(4) DEFAULT NULL,
  `created_at` timestamp NULL DEFAULT NULL,
  `updated_at` timestamp NULL DEFAULT NULL,
  PRIMARY KEY (`id`)
) ENGINE=InnoDB AUTO_INCREMENT=6 DEFAULT CHARSET=utf8;

--
-- Dumping data for table `formarecepcions`
--

/*!40000 ALTER TABLE `formarecepcions` DISABLE KEYS */;
INSERT INTO `formarecepcions` (`id`,`forma`,`activo`,`borrado`,`created_at`,`updated_at`) VALUES 
 (1,'COPIA',1,0,'2019-07-13 00:28:04','2019-07-13 00:34:53'),
 (2,'DIRECTA',1,0,'2019-07-13 00:35:10','2019-07-13 00:36:24'),
 (3,'E-MAIL',1,0,'2019-07-13 00:35:14','2019-07-13 00:35:14'),
 (4,'FAX',1,0,'2019-07-13 00:35:18','2019-07-13 00:35:18'),
 (5,'VÍA WEB',1,0,'2019-07-13 00:36:09','2019-07-13 00:36:09');
/*!40000 ALTER TABLE `formarecepcions` ENABLE KEYS */;


--
-- Definition of table `personas`
--

DROP TABLE IF EXISTS `personas`;
CREATE TABLE `personas` (
  `id` int(11) NOT NULL AUTO_INCREMENT,
  `nombres` varchar(500) DEFAULT NULL,
  `apellidos` varchar(500) DEFAULT NULL,
  `dni` varchar(8) DEFAULT NULL,
  `genero` tinyint(4) DEFAULT NULL,
  `direccion` varchar(500) DEFAULT NULL,
  `imagen` varchar(200) DEFAULT NULL,
  `activo` tinyint(4) DEFAULT NULL,
  `borrado` tinyint(4) DEFAULT NULL,
  `updated_at` timestamp NOT NULL DEFAULT '0000-00-00 00:00:00',
  `created_at` timestamp NOT NULL DEFAULT '0000-00-00 00:00:00',
  PRIMARY KEY (`id`)
) ENGINE=InnoDB AUTO_INCREMENT=5 DEFAULT CHARSET=utf8;

--
-- Dumping data for table `personas`
--

/*!40000 ALTER TABLE `personas` DISABLE KEYS */;
INSERT INTO `personas` (`id`,`nombres`,`apellidos`,`dni`,`genero`,`direccion`,`imagen`,`activo`,`borrado`,`updated_at`,`created_at`) VALUES 
 (1,'Cristian','Chavez','47331640',1,'Luzuriaga 814',NULL,1,0,'0000-00-00 00:00:00','0000-00-00 00:00:00'),
 (2,'mark','moyis','14725836',1,'huaraz','',1,0,'2019-07-13 16:03:53','2019-07-13 16:03:53'),
 (3,'Cristian','Chavez','47331052',1,'HZ','',1,1,'2019-07-13 16:30:26','2019-07-13 16:30:26'),
 (4,'Raul','Quezada','12345685',1,'Hz','',1,0,'2019-07-13 16:32:47','2019-07-13 16:32:47');
/*!40000 ALTER TABLE `personas` ENABLE KEYS */;


--
-- Definition of table `prioridads`
--

DROP TABLE IF EXISTS `prioridads`;
CREATE TABLE `prioridads` (
  `id` int(11) NOT NULL AUTO_INCREMENT,
  `prioridad` varchar(500) DEFAULT NULL,
  `activo` tinyint(4) DEFAULT NULL,
  `borrado` tinyint(4) DEFAULT NULL,
  `created_at` timestamp NULL DEFAULT NULL,
  `updated_at` timestamp NULL DEFAULT NULL,
  `dias` int(11) DEFAULT NULL,
  PRIMARY KEY (`id`)
) ENGINE=InnoDB AUTO_INCREMENT=4 DEFAULT CHARSET=utf8;

--
-- Dumping data for table `prioridads`
--

/*!40000 ALTER TABLE `prioridads` DISABLE KEYS */;
INSERT INTO `prioridads` (`id`,`prioridad`,`activo`,`borrado`,`created_at`,`updated_at`,`dias`) VALUES 
 (1,'NORMAL',1,0,NULL,NULL,7),
 (2,'URGENTE',1,0,NULL,NULL,5),
 (3,'MUY URGENTE',1,0,NULL,NULL,3);
/*!40000 ALTER TABLE `prioridads` ENABLE KEYS */;


--
-- Definition of table `representantelegals`
--

DROP TABLE IF EXISTS `representantelegals`;
CREATE TABLE `representantelegals` (
  `id` int(11) NOT NULL AUTO_INCREMENT,
  `nombre` varchar(500) DEFAULT NULL,
  `cargo` varchar(200) DEFAULT NULL,
  `activo` tinyint(4) DEFAULT NULL,
  `borrado` tinyint(4) DEFAULT NULL,
  `created_at` timestamp NULL DEFAULT NULL,
  `updated_at` timestamp NULL DEFAULT NULL,
  `entidad_id` int(11) NOT NULL,
  PRIMARY KEY (`id`),
  KEY `fk_representantelegals_entidads1_idx` (`entidad_id`),
  CONSTRAINT `fk_representantelegals_entidads1` FOREIGN KEY (`entidad_id`) REFERENCES `entidads` (`id`) ON DELETE NO ACTION ON UPDATE NO ACTION
) ENGINE=InnoDB AUTO_INCREMENT=64 DEFAULT CHARSET=utf8;

--
-- Dumping data for table `representantelegals`
--

/*!40000 ALTER TABLE `representantelegals` DISABLE KEYS */;
INSERT INTO `representantelegals` (`id`,`nombre`,`cargo`,`activo`,`borrado`,`created_at`,`updated_at`,`entidad_id`) VALUES 
 (1,'ROLANDO FIGUEROA PLACIDO','',1,0,NULL,NULL,1),
 (2,'ANGEL SATURNINO CARRASCO MORENO','',1,0,NULL,NULL,2),
 (3,'RAUL AMARILDO CAMONES RONDAN','',1,0,NULL,NULL,3),
 (4,'JOSE CORAL VALENCIA','',1,0,NULL,NULL,4),
 (5,'RAUL AMARILDO CAMONES RONDAN','',1,0,NULL,NULL,5),
 (6,'RAUL AMARILDO CAMONES RONDAN','',1,0,NULL,NULL,6),
 (7,'MIRLA JENNY RIMAC ROSALES','',1,0,NULL,NULL,7),
 (8,'HERMINIO ARNALDO ROCA LOPEZ','',1,0,NULL,NULL,8),
 (9,'GILBERTH EOLOGIO VARGAS HUERTA','',1,0,NULL,NULL,9),
 (10,'DANIEL SEGUNDO GAMARRA RODRIGUEZ','',1,0,NULL,NULL,10),
 (11,'FLOR REBECA VARGAS GRANDE','',1,0,NULL,NULL,11),
 (12,'ELIZABETH MARICELA TEMPLE COCHA','',1,0,NULL,NULL,12),
 (13,'CATALINA VIRGINIA CRUZ LIRIO','',1,0,NULL,NULL,13),
 (14,'JUAN ARTEMIO CRIBILLERO PAREDES','',1,0,NULL,NULL,14),
 (15,'YOLANDA SOLEDAD MILLA LUNA','',1,0,NULL,NULL,15),
 (16,'YOLANDA SOLEDAD MILLA LUNA','',1,0,NULL,NULL,16),
 (17,'RAUL AMARILDO CAMONES ROLDAN','',1,0,NULL,NULL,17),
 (18,'EDWAR GUILLERMO HEREDIA TINOCO','',1,0,NULL,NULL,18),
 (19,'RICHARD MAZA TARAZONA','',1,0,NULL,NULL,19),
 (20,'RAUL AMARILDO CAMONES RONDAN','',1,0,NULL,NULL,20),
 (21,'RAUL AMARILDO CAMONES RONDAN','',1,0,NULL,NULL,21),
 (22,'RICHARH MAZA TARAZONA','',1,0,NULL,NULL,22),
 (23,'ANGEL SATURNINO CARRASCO MORENO','',1,0,NULL,NULL,23),
 (24,'JOSE CORAL VALENCIA','',1,0,NULL,NULL,24),
 (25,'RAUL AMARILDO CAMONES RONDAN','',1,0,NULL,NULL,25),
 (26,'JESUS LOPEZ RODRIGUEZ','',1,0,NULL,NULL,26),
 (27,'DANNY ANTHONY ROQUE GOMEZ','',1,0,NULL,NULL,27),
 (28,'BERNARDINA JUDIT HINOSTROZA CULLI DE FIGUEROA','',1,0,NULL,NULL,28),
 (29,'ROSA ELVIRA SICCHA CUISANO','',1,0,NULL,NULL,29),
 (30,'MARIO MEJIA GONZALES','',1,0,NULL,NULL,30),
 (31,'MARLON GILDERMAN SOLIS TAMARA','',1,0,NULL,NULL,31),
 (32,'TEOFILO TARAZANA SIFUENTES','',1,0,NULL,NULL,32),
 (33,'ANGEL SATURNINO CARRASCO MORENO','',1,0,NULL,NULL,33),
 (34,'MAGDA SILVIA OSORIO PACHAS','',1,0,NULL,NULL,34),
 (35,'GINES ALFREDO VARGAS CAMILOAGA','',1,0,NULL,NULL,35),
 (36,'FLOR REBECA VARGAS GRANDE','',1,0,NULL,NULL,36),
 (37,'JOSE QUENHUA','',1,0,NULL,NULL,37),
 (38,'FRENZY VLADIMIR ROBLES LOPEZ','',1,0,NULL,NULL,38),
 (39,'ARELIS BERTILA NIETO VILLACORTA','',1,0,NULL,NULL,39),
 (40,'DINA MARIA MACHCO GARCIA','',1,0,NULL,NULL,40),
 (41,'ELIZABETH FLOR VILLENA REYES','',1,0,NULL,NULL,41),
 (42,'CARLOS MESIAS AGUIRRE FLORES','',1,0,NULL,NULL,42),
 (43,'EDWAR GUILLERMO HEREDIA TINOCO','',1,0,NULL,NULL,43),
 (44,'ROSSDELY JACQUELINE HUERTA LEON','',1,0,NULL,NULL,44),
 (45,'LENY MIRIAN LOSZA ROJAS','',1,0,NULL,NULL,45),
 (46,'MANUEL ISIAS MEJIA LOLI','',1,0,NULL,NULL,46),
 (47,'RAUL AMARILDO CAMONES ROLDAN','',1,0,NULL,NULL,47),
 (48,'-','',1,0,NULL,NULL,48),
 (49,'ROSSDELY HUERTA LEON','',1,0,NULL,NULL,49),
 (50,'LUIS AGUSTIN AQUINO DAMIAN','',1,0,NULL,NULL,50),
 (51,'JAVIER REYNALDO VALDIVIEZO LIMAY','',1,0,NULL,NULL,51),
 (52,'VILMER MENDOZA ARANIBAR','',1,0,NULL,NULL,52),
 (53,'REINALDO JAVIER VALDIVIEZO LIMAY','',1,0,NULL,NULL,53),
 (54,'GUILLERMINA HERMELINDA MEZA DE MONTAÑEZ','',1,0,NULL,NULL,54),
 (55,'CELIDONIO FORTUNATO CHIUCA MISHTI','',1,0,NULL,NULL,55),
 (56,'RICHARD WILLIAMS OLIVERA SANCHEZ','',1,0,NULL,NULL,56),
 (57,'KISSER ANTONIO ANGELES ROSAS','',1,0,NULL,NULL,57),
 (58,'ANTONIO URIAS RAMIREZ NORABUENA','',1,0,NULL,NULL,58),
 (59,'VEGA COCHACHIN','',1,0,NULL,NULL,59),
 (60,'LEON VEGA','',1,0,NULL,NULL,60),
 (61,'DIAZ CASTILLO','',1,0,NULL,NULL,61),
 (62,'COTILLO PALACIOS','',1,0,NULL,NULL,62),
 (63,'LUNAREJO LUNA','',1,0,NULL,NULL,63);
/*!40000 ALTER TABLE `representantelegals` ENABLE KEYS */;


--
-- Definition of table `tipodocumentos`
--

DROP TABLE IF EXISTS `tipodocumentos`;
CREATE TABLE `tipodocumentos` (
  `id` int(11) NOT NULL AUTO_INCREMENT,
  `tipo` varchar(500) DEFAULT NULL,
  `activo` tinyint(4) DEFAULT NULL,
  `borrado` tinyint(4) DEFAULT NULL,
  `created_at` timestamp NULL DEFAULT NULL,
  `updated_at` timestamp NULL DEFAULT NULL,
  PRIMARY KEY (`id`)
) ENGINE=InnoDB AUTO_INCREMENT=125 DEFAULT CHARSET=utf8;

--
-- Dumping data for table `tipodocumentos`
--

/*!40000 ALTER TABLE `tipodocumentos` DISABLE KEYS */;
INSERT INTO `tipodocumentos` (`id`,`tipo`,`activo`,`borrado`,`created_at`,`updated_at`) VALUES 
 (1,'ACTA',1,0,NULL,NULL),
 (2,'ACTA DE INSPECCION',1,0,NULL,NULL),
 (3,'ACTA DE VERIFICACION',1,0,NULL,NULL),
 (4,'ACTA TOLERANCIA',1,0,NULL,NULL),
 (5,'ACUERDO REGIONAL',1,0,NULL,NULL),
 (6,'AMPLIACIÓN DE CERTIFICACIÓN PRESUPUESTAL',1,0,NULL,NULL),
 (7,'AMPLIACIÓN DE CERTIFICACIÓN PRESUPUESTAL',1,0,NULL,NULL),
 (8,'AUTO DIRECTORAL',1,0,NULL,NULL),
 (9,'AVISO',1,0,NULL,NULL),
 (10,'AYUDA MEMORIA',1,0,NULL,NULL),
 (11,'BOLETIN',1,0,NULL,NULL),
 (12,'CARTA',1,0,NULL,NULL),
 (13,'CARTA CIRCULAR',1,0,NULL,NULL),
 (14,'CARTA DE DETERMINACION',1,0,NULL,NULL),
 (15,'CARTA MULTIPLE',1,0,NULL,NULL),
 (16,'CARTA NOTARIAL',1,0,NULL,NULL),
 (17,'CASACION',1,0,NULL,NULL),
 (18,'CEDULA AGROINDUSTRIAL',1,0,NULL,NULL),
 (19,'CEDULA DE NOTIFICACION',1,0,NULL,NULL),
 (20,'CERTIFICACION PRESUPUESTAL',1,0,NULL,NULL),
 (21,'CERTIFICADO',1,0,NULL,NULL),
 (22,'CERTIFICADO DE PROCEDENCIA ACUICOLA',1,0,NULL,NULL),
 (23,'CERTIFICADO DE PROCEDENCIA PESQUERA',1,0,NULL,NULL),
 (24,'CERTIFICADO PSICOLOGICO',1,0,NULL,NULL),
 (25,'CIRCULAR',1,0,NULL,NULL),
 (26,'CITACION',1,0,NULL,NULL),
 (27,'CONPROBANTE DE PAGO',1,0,NULL,NULL),
 (28,'CONSTANCIA',1,0,NULL,NULL),
 (29,'CONSTANCIA DE CONSENTIMIENTO',1,0,NULL,NULL),
 (30,'CONSTANCIA DE NOTIFICACION',1,0,NULL,NULL),
 (31,'CONSTANCIA DE REINCORPORACION',1,0,NULL,NULL),
 (32,'CONSTANCIAS DE VERIFICACIÓN DE STOCK',1,0,NULL,NULL),
 (33,'CONTRATO',1,0,NULL,NULL),
 (34,'CONVENIO',1,0,NULL,NULL),
 (35,'CONVOCATORIA',1,0,NULL,NULL),
 (36,'DECLARACION JURADA',1,0,NULL,NULL),
 (37,'DECRETO LEGISLATIVO',1,0,NULL,NULL),
 (38,'DECRETO REGIONAL',1,0,NULL,NULL),
 (39,'DECRETO SUPREMO',1,0,NULL,NULL),
 (40,'DICTAMEN',1,0,NULL,NULL),
 (41,'DIRECTIVA',1,0,NULL,NULL),
 (42,'EMAIL',1,0,NULL,NULL),
 (43,'EMAIL MULTIPLE',1,0,NULL,NULL),
 (44,'ENTREGABLE',1,0,NULL,NULL),
 (45,'ESQUELA MULTIPLE',1,0,NULL,NULL),
 (46,'ESTADO DE CUENTA',1,0,NULL,NULL),
 (47,'EXAMEN ESPECIAL',1,0,NULL,NULL),
 (48,'EXPEDIENTE',1,0,NULL,NULL),
 (49,'EXPEDIENTE AGROINDUSTRIAL',1,0,NULL,NULL),
 (50,'FORMATO ACTUALIZACION DE HARDWARE',1,0,NULL,NULL),
 (51,'FORMULARIO DE RESERVA DE AREA ACUATICA',1,0,NULL,NULL),
 (52,'HOJA DE EVALUACION',1,0,NULL,NULL),
 (53,'HOJA INFORMATIVA',1,0,NULL,NULL),
 (54,'HOJA OPINION',1,0,NULL,NULL),
 (55,'INFORME',1,0,NULL,NULL),
 (56,'INFORME ADMINISTRATIVO',1,0,NULL,NULL),
 (57,'INFORME ALERTA AMARILLA',1,0,NULL,NULL),
 (58,'INFORME ALERTA ROJA',1,0,NULL,NULL),
 (59,'INFORME AUDITORIA MEDICA',1,0,NULL,NULL),
 (60,'INFORME CONJUNTO',1,0,NULL,NULL),
 (61,'INFORME DE CONFORMIDAD',1,0,NULL,NULL),
 (62,'INFORME DE EVALUACION',1,0,NULL,NULL),
 (63,'INFORME DE FISCALIZACION AMBIENTAL',1,0,NULL,NULL),
 (64,'INFORME DE FISCALIZACION MINERA',1,0,NULL,NULL),
 (65,'INFORME DE LOGROS',1,0,NULL,NULL),
 (66,'INFORME DE ORGANO INSTRUCTOR',1,0,NULL,NULL),
 (67,'INFORME DE PRECALIFICACION',1,0,NULL,NULL),
 (68,'INFORME DE SEGUIMIENTO',1,0,NULL,NULL),
 (69,'INFORME DE SEGUIMIENTO',1,0,NULL,NULL),
 (70,'INFORME ESCALAFONARIO',1,0,NULL,NULL),
 (71,'INFORME ESPECIAL',1,0,NULL,NULL),
 (72,'INFORME FINAL',1,0,NULL,NULL),
 (73,'INFORME LEGAL',1,0,NULL,NULL),
 (74,'INFORME MEDICO',1,0,NULL,NULL),
 (75,'INFORME PRELIMINAR',1,0,NULL,NULL),
 (76,'INFORME PSICOLOGICO',1,0,NULL,NULL),
 (77,'INFORME PSIQUIATRICO',1,0,NULL,NULL),
 (78,'INFORME TECNICO',1,0,NULL,NULL),
 (79,'INVITACIONES',1,0,NULL,NULL),
 (80,'MEMO',1,0,NULL,NULL),
 (81,'MEMO CIRCULAR',1,0,NULL,NULL),
 (82,'MEMO MULTIPLE',1,0,NULL,NULL),
 (83,'MEMORANDUM DE CONTROL INTERNO',1,0,NULL,NULL),
 (84,'MEMORIAL',1,0,NULL,NULL),
 (85,'NN',1,0,NULL,NULL),
 (86,'NOTA',1,0,NULL,NULL),
 (87,'NOTA DE DEVOLUCION',1,0,NULL,NULL),
 (88,'NOTA DE PRENSA',1,0,NULL,NULL),
 (89,'NOTA MULTIPLE',1,0,NULL,NULL),
 (90,'NOTAS INFORMATIVAS',1,0,NULL,NULL),
 (91,'NOTIFICACION',1,0,NULL,NULL),
 (92,'NOTIFICACION FINAL',1,0,NULL,NULL),
 (93,'NOTIFICACION JUDICIAL',1,0,NULL,NULL),
 (94,'NOTIFICACION PRELIMINAR',1,0,NULL,NULL),
 (95,'OFICIO',1,0,NULL,NULL),
 (96,'OFICIO CIRCULAR',1,0,NULL,NULL),
 (97,'OFICIO MULTIPLE',1,0,NULL,NULL),
 (98,'ORDENAZA REGIONAL',1,0,NULL,NULL),
 (99,'ORDEN DE COMPRA',1,0,NULL,NULL),
 (100,'ORDEN DE SERVICIO',1,0,NULL,NULL),
 (101,'PEDIDO DE COMPRA',1,0,NULL,NULL),
 (102,'PEDIDO DE SERVICIO',1,0,NULL,NULL),
 (103,'PEDIDO DE VIATICOS',1,0,NULL,NULL),
 (104,'PLANIFICACION',1,0,NULL,NULL),
 (105,'PLANIFICACION',1,0,NULL,NULL),
 (106,'PLANILLA',1,0,NULL,NULL),
 (107,'PROVEIDO',1,0,NULL,NULL),
 (108,'RENDICION FONCOR',1,0,NULL,NULL),
 (109,'RENDICION FPPE',1,0,NULL,NULL),
 (110,'RENDICION INDECI',1,0,NULL,NULL),
 (111,'RENDICION RDR',1,0,NULL,NULL),
 (112,'REPORTE',1,0,NULL,NULL),
 (113,'REPORTE DE OCURRENCIA',1,0,NULL,NULL),
 (114,'RESOLUCION',1,0,NULL,NULL),
 (115,'REVISTA',1,0,NULL,NULL),
 (116,'SOLICITUD',1,0,NULL,NULL),
 (117,'SOLICITUD ACCESO INFORM ELECTRONICA',1,0,NULL,NULL),
 (118,'SOLICITUD ACCESO INFORM ESCRITA',1,0,NULL,NULL),
 (119,'SOLICITUD CERTIFICACION PRESUPUESTAL',1,0,NULL,NULL),
 (120,'SOLICITUD CONTRATOS',1,0,NULL,NULL),
 (121,'SOLICITUD - OTROS',1,0,NULL,NULL),
 (122,'SOLICTUD DE VIATICO',1,0,NULL,NULL),
 (123,'TARJETA',1,0,NULL,NULL),
 (124,'TRANSCRIPCION',1,0,NULL,NULL);
/*!40000 ALTER TABLE `tipodocumentos` ENABLE KEYS */;


--
-- Definition of table `tipousers`
--

DROP TABLE IF EXISTS `tipousers`;
CREATE TABLE `tipousers` (
  `id` int(11) NOT NULL AUTO_INCREMENT,
  `nombre` varchar(500) DEFAULT NULL,
  `descripcion` varchar(2000) DEFAULT NULL,
  `activo` tinyint(4) DEFAULT NULL,
  `borrado` tinyint(4) DEFAULT NULL,
  `created_at` timestamp NULL DEFAULT NULL,
  `updated_at` timestamp NULL DEFAULT NULL,
  PRIMARY KEY (`id`)
) ENGINE=InnoDB AUTO_INCREMENT=4 DEFAULT CHARSET=utf8;

--
-- Dumping data for table `tipousers`
--

/*!40000 ALTER TABLE `tipousers` DISABLE KEYS */;
INSERT INTO `tipousers` (`id`,`nombre`,`descripcion`,`activo`,`borrado`,`created_at`,`updated_at`) VALUES 
 (1,'Superadministrador','sa',1,0,NULL,NULL),
 (2,'Operario','op',1,0,NULL,NULL),
 (3,'Usuario','usu',1,0,NULL,NULL);
/*!40000 ALTER TABLE `tipousers` ENABLE KEYS */;


--
-- Definition of table `tramites`
--

DROP TABLE IF EXISTS `tramites`;
CREATE TABLE `tramites` (
  `id` int(11) NOT NULL AUTO_INCREMENT,
  `expediente` int(11) DEFAULT NULL,
  `fecha` date DEFAULT NULL,
  `prioridad_id` int(11) NOT NULL,
  `origen` tinyint(4) DEFAULT NULL,
  `entidad_id` int(11) NOT NULL,
  `fechadoc` date DEFAULT NULL,
  `tipodocumento_id` int(11) NOT NULL,
  `numero` varchar(45) DEFAULT NULL,
  `siglas` varchar(500) DEFAULT NULL,
  `formarecepcion_id` int(11) NOT NULL,
  `rutafile` varchar(2000) DEFAULT NULL,
  `folios` int(11) DEFAULT NULL,
  `asunto` text,
  `clasificacion_id` int(11) NOT NULL,
  `formacopia` tinyint(4) DEFAULT NULL,
  `unidadorganica_id` int(11) NOT NULL,
  `detalledestino` varchar(500) DEFAULT NULL,
  `estado` tinyint(4) DEFAULT NULL,
  `activo` tinyint(4) DEFAULT NULL,
  `borrado` tinyint(4) DEFAULT NULL,
  `created_at` timestamp NULL DEFAULT NULL,
  `updated_at` timestamp NULL DEFAULT NULL,
  `persona_id` int(11) NOT NULL,
  `user_id` int(11) NOT NULL,
  `entidad` varchar(500) DEFAULT NULL,
  `detalle` varchar(200) DEFAULT NULL,
  `firma` varchar(500) DEFAULT NULL,
  `cargo` varchar(200) DEFAULT NULL,
  `clasificacion` varchar(200) DEFAULT NULL,
  `dias` int(11) DEFAULT NULL,
  `unidadorganica` varchar(500) DEFAULT NULL,
  PRIMARY KEY (`id`),
  KEY `fk_tramites_prioridad1_idx` (`prioridad_id`),
  KEY `fk_tramites_tipodocumento1_idx` (`tipodocumento_id`),
  KEY `fk_tramites_formarecepcion1_idx` (`formarecepcion_id`),
  KEY `fk_tramites_clasificacions1_idx` (`clasificacion_id`),
  KEY `fk_tramites_unidadorganicas1_idx` (`unidadorganica_id`),
  KEY `fk_tramites_personas1_idx` (`persona_id`),
  KEY `fk_tramites_users1_idx` (`user_id`),
  KEY `fk_tramites_entidads1_idx` (`entidad_id`),
  CONSTRAINT `fk_tramites_clasificacions1` FOREIGN KEY (`clasificacion_id`) REFERENCES `clasificacions` (`id`) ON DELETE NO ACTION ON UPDATE NO ACTION,
  CONSTRAINT `fk_tramites_entidads1` FOREIGN KEY (`entidad_id`) REFERENCES `entidads` (`id`) ON DELETE NO ACTION ON UPDATE NO ACTION,
  CONSTRAINT `fk_tramites_formarecepcion1` FOREIGN KEY (`formarecepcion_id`) REFERENCES `formarecepcions` (`id`) ON DELETE NO ACTION ON UPDATE NO ACTION,
  CONSTRAINT `fk_tramites_personas1` FOREIGN KEY (`persona_id`) REFERENCES `personas` (`id`) ON DELETE NO ACTION ON UPDATE NO ACTION,
  CONSTRAINT `fk_tramites_prioridad1` FOREIGN KEY (`prioridad_id`) REFERENCES `prioridads` (`id`) ON DELETE NO ACTION ON UPDATE NO ACTION,
  CONSTRAINT `fk_tramites_tipodocumento1` FOREIGN KEY (`tipodocumento_id`) REFERENCES `tipodocumentos` (`id`) ON DELETE NO ACTION ON UPDATE NO ACTION,
  CONSTRAINT `fk_tramites_unidadorganicas1` FOREIGN KEY (`unidadorganica_id`) REFERENCES `unidadorganicas` (`id`) ON DELETE NO ACTION ON UPDATE NO ACTION,
  CONSTRAINT `fk_tramites_users1` FOREIGN KEY (`user_id`) REFERENCES `users` (`id`) ON DELETE NO ACTION ON UPDATE NO ACTION
) ENGINE=InnoDB AUTO_INCREMENT=16 DEFAULT CHARSET=utf8;

--
-- Dumping data for table `tramites`
--

/*!40000 ALTER TABLE `tramites` DISABLE KEYS */;
INSERT INTO `tramites` (`id`,`expediente`,`fecha`,`prioridad_id`,`origen`,`entidad_id`,`fechadoc`,`tipodocumento_id`,`numero`,`siglas`,`formarecepcion_id`,`rutafile`,`folios`,`asunto`,`clasificacion_id`,`formacopia`,`unidadorganica_id`,`detalledestino`,`estado`,`activo`,`borrado`,`created_at`,`updated_at`,`persona_id`,`user_id`,`entidad`,`detalle`,`firma`,`cargo`,`clasificacion`,`dias`,`unidadorganica`) VALUES 
 (1,NULL,'2019-07-24',2,2,107,'2019-07-24',2,'01-2019','gdurote-ofc',5,'Constancia unasam-.docx-24-07-2019-12-45-35.docx',3,'asuntito asuntote',4,0,3,'detalle derivado',1,1,0,'2019-07-24 12:45:35','2019-07-24 12:45:35',4,4,'MINISTERIO DE TRANSPORTES Y COMUNICACIONES','informe prueba','jefe','jefe','Ninguna',5,'DIRECCION DE GESTION PEDAGOGICA-YUNGAY'),
 (2,NULL,'2019-07-25',1,2,2,'2019-07-25',2,'123','dasdasd',5,'',4,'asunto',4,0,1,NULL,1,1,0,'2019-07-25 11:21:02','2019-07-25 11:21:02',4,4,'ADMINISTRATIVOS CESANTES - YUNGAY',NULL,NULL,NULL,'Ninguna',7,'DIRECCION DE GESTION ADMINISTRATIVA - YUNGAY'),
 (4,NULL,'2019-07-26',2,2,130,'2019-01-01',9,'01','minedu2019',5,'imprimir formato a3 2.pdf-26-07-2019-11-26-41.pdf',5,'asunto documento',4,1,7,'detalle der',1,1,0,'2019-07-26 11:26:41','2019-07-26 11:26:41',4,4,'PROGRAMA CAMINOS RURALES','detalle origen','cargo origen','cargo origen','Ninguna',5,'OFICINA DE DEVIDA-YUNGAY'),
 (5,NULL,'2019-07-26',2,2,130,'2019-01-01',9,'01','minedu2019',5,'imprimir formato a3 2.pdf-26-07-2019-11-26-56.pdf',5,'asunto documento',4,1,7,'detalle der',1,1,0,'2019-07-26 11:26:56','2019-07-26 11:26:56',4,4,'PROGRAMA CAMINOS RURALES','detalle origen','cargo origen','cargo origen','Ninguna',5,'OFICINA DE DEVIDA-YUNGAY'),
 (6,NULL,'2019-07-26',2,2,130,'2019-01-01',9,'01','minedu2019',5,'imprimir formato a3 2.pdf-26-07-2019-11-32-43.pdf',5,'asunto documento',4,1,7,'detalle der',1,1,0,'2019-07-26 11:32:43','2019-07-26 11:32:43',4,4,'PROGRAMA CAMINOS RURALES','detalle origen','cargo origen','cargo origen','Ninguna',5,'OFICINA DE DEVIDA-YUNGAY'),
 (7,NULL,'2019-07-26',2,2,130,'2019-01-01',9,'01','minedu2019',5,'imprimir formato a3 2.pdf-26-07-2019-11-33-52.pdf',5,'asunto documento',4,1,7,'detalle der',1,1,0,'2019-07-26 11:33:52','2019-07-26 11:33:52',4,4,'PROGRAMA CAMINOS RURALES','detalle origen','cargo origen','cargo origen','Ninguna',5,'OFICINA DE DEVIDA-YUNGAY'),
 (8,NULL,'2019-07-26',2,2,130,'2019-01-01',9,'01','minedu2019',5,'imprimir formato a3 2.pdf-26-07-2019-11-36-18.pdf',5,'asunto documento',4,1,7,'detalle der',1,1,0,'2019-07-26 11:36:18','2019-07-26 11:36:18',4,4,'PROGRAMA CAMINOS RURALES','detalle origen','cargo origen','cargo origen','Ninguna',5,'OFICINA DE DEVIDA-YUNGAY'),
 (9,NULL,'2019-07-26',2,2,130,'2019-01-01',9,'01','minedu2019',5,'imprimir formato a3 2.pdf-26-07-2019-11-38-21.pdf',5,'asunto documento',4,1,7,'detalle der',1,1,0,'2019-07-26 11:38:21','2019-07-26 11:38:21',4,4,'PROGRAMA CAMINOS RURALES','detalle origen','cargo origen','cargo origen','Ninguna',5,'OFICINA DE DEVIDA-YUNGAY'),
 (10,NULL,'2019-07-26',1,2,144,'2019-07-26',3,'123','COCIAP-2019',5,'GUIA DE PRODUCTOS OBSERVABLES 2019 - IX CICLO (3).pdf-26-07-2019-11-59-05.pdf',4,'asunto documento',4,1,16,'detalle derivado',1,1,0,'2019-07-26 11:59:05','2019-07-26 11:59:05',4,4,'SOCIEDAD CIVIL','detalle','cargo','cargo','Ninguna',7,'OFICINA DE CAJA-YUNGAY'),
 (11,NULL,'2019-07-26',1,2,144,'2019-07-26',3,'123','COCIAP-2019',5,'GUIA DE PRODUCTOS OBSERVABLES 2019 - IX CICLO (3).pdf-26-07-2019-12-00-40.pdf',4,'asunto documento',4,1,16,'detalle derivado',1,1,0,'2019-07-26 12:00:40','2019-07-26 12:00:40',4,4,'SOCIEDAD CIVIL','detalle','cargo','cargo','Ninguna',7,'OFICINA DE CAJA-YUNGAY'),
 (12,NULL,'2019-07-26',1,2,144,'2019-07-26',3,'123','COCIAP-2019',5,'GUIA DE PRODUCTOS OBSERVABLES 2019 - IX CICLO (3).pdf-26-07-2019-12-02-24.pdf',4,'asunto documento',4,1,16,'detalle derivado',1,1,0,'2019-07-26 12:02:24','2019-07-26 12:02:24',4,4,'SOCIEDAD CIVIL','detalle','cargo','cargo','Ninguna',7,'OFICINA DE CAJA-YUNGAY'),
 (13,NULL,'2019-07-26',1,2,144,'2019-07-26',3,'123','COCIAP-2019',5,'26-07-2019-12-06-57-GUIA DE PRODUCTOS OBSERVABLES 2019 - IX CICLO (3).pdf',4,'asunto documento',4,1,16,'detalle derivado',1,1,0,'2019-07-26 12:06:57','2019-07-26 12:06:57',4,4,'SOCIEDAD CIVIL','detalle','cargo','cargo','Ninguna',7,'OFICINA DE CAJA-YUNGAY'),
 (14,NULL,'2019-07-26',1,2,144,'2019-07-26',3,'123','COCIAP-2019',5,'26-07-2019-12-09-23-imprimir formato a3 2.pdf',4,'asunto documento',4,1,16,'detalle derivado',1,1,0,'2019-07-26 12:09:23','2019-07-26 12:09:23',4,4,'SOCIEDAD CIVIL','detalle','cargo','cargo','Ninguna',7,'OFICINA DE CAJA-YUNGAY'),
 (15,NULL,'2019-07-26',1,2,144,'2019-07-26',3,'123','COCIAP-2019',5,'26-07-2019-12-11-20-ÍNDICE DE TABLAS Y GRÁFICOS natale.docx',4,'asunto documento',4,1,16,'detalle derivado',1,1,0,'2019-07-26 12:11:20','2019-07-26 12:11:20',4,4,'SOCIEDAD CIVIL','detalle','cargo','cargo','Ninguna',7,'OFICINA DE CAJA-YUNGAY');
/*!40000 ALTER TABLE `tramites` ENABLE KEYS */;


--
-- Definition of table `unidadorganicas`
--

DROP TABLE IF EXISTS `unidadorganicas`;
CREATE TABLE `unidadorganicas` (
  `id` int(11) NOT NULL AUTO_INCREMENT,
  `codigo` varchar(500) DEFAULT NULL,
  `siglas` varchar(500) DEFAULT NULL,
  `nombre` varchar(500) DEFAULT NULL,
  `activo` tinyint(4) DEFAULT NULL,
  `borrado` tinyint(4) DEFAULT NULL,
  `created_at` timestamp NULL DEFAULT NULL,
  `updated_at` timestamp NULL DEFAULT NULL,
  `abreviatura` varchar(500) DEFAULT NULL,
  PRIMARY KEY (`id`)
) ENGINE=InnoDB AUTO_INCREMENT=64 DEFAULT CHARSET=utf8 COMMENT='	';

--
-- Dumping data for table `unidadorganicas`
--

/*!40000 ALTER TABLE `unidadorganicas` DISABLE KEYS */;
INSERT INTO `unidadorganicas` (`id`,`codigo`,`siglas`,`nombre`,`activo`,`borrado`,`created_at`,`updated_at`,`abreviatura`) VALUES 
 (1,'567','MINEDU/GRA/DRE-A/UGEL-Y/DGA-D','DIRECCION DE GESTION ADMINISTRATIVA - YUNGAY',1,0,NULL,NULL,'DGA'),
 (2,'569','MINEDU/GRA/DRE-A/UGEL-Y/DGI-D','DIRECCION DE GESTION INSTITUCIONAL-YUNGAY',1,0,NULL,NULL,'DGI'),
 (3,'568','MINEDU/GRA/DRE-A/UGEL-Y/DGP-D','DIRECCION DE GESTION PEDAGOGICA-YUNGAY',1,0,NULL,NULL,'DGP'),
 (4,'571','MINEDU/GRA/DRE-A/UGEL-Y/D','DIRECION DE LA UNIDAD DE GESTION EDUCATIVA LOCAL-YUNGAY',1,0,NULL,NULL,'D-UGEL-Y'),
 (5,'613','MINEDU/GRA/DRE-A/UGEL-Y/DGP/D-CCPCPP','OFICINA COMISION DE CONTRATACION DE PERSONAL CAS PROGRAMAS-YUNGAY',1,0,NULL,NULL,'OFCCAS'),
 (6,'614','MINEDU/GRA/DRE-A/UGEL-Y/D/DGP/D-CCHS','OFICINA COMISION DE CUADRO DE HORAS-YUNGAY',1,0,NULL,NULL,'OFC.CUADRO DE HORAS'),
 (7,'673','DEVIDA','OFICINA DE DEVIDA-YUNGAY',1,0,NULL,NULL,'DEVIDA'),
 (8,'608','MINEDU/GRA/DRE-A/UGEL-Y/D/DGP-D-CCSS','OFICINA DE EDUC. SECUNDARIA CC.SS.-EBA-CETPRO-YUNGAY',1,0,NULL,NULL,'CC.SS.-EBA-CETPRO'),
 (9,'576','MINEDU/GRA/DRE-A/UGEL-Y/DGP-EBI','OFICINA DE EDUCACION PRIMARIA-EBI-YUNGAY',1,0,NULL,NULL,'OFICINA_EPRIMARIA_EBI'),
 (10,'585','MINEDU/GRA/DRE-A/UGEL-Y/DGA-ABAST','OFICINA DE ABASTECIMIENTOS-YUNGAY',1,0,NULL,NULL,'OFICINA_ABASTECIMIENTOS'),
 (11,'611','MINEDU/GRA/DRE-A/UGEL-Y/ADGP/D-ASPI','OFICINA DE ACOMPAÑAMIENTO PEDAGÓGICO EIB-YUNGAY',1,0,NULL,NULL,'APEIB'),
 (12,'587','MINEDU/GRA/DRE-A/UGEL-Y/DGA-ALM','OFICINA DE ALMACEN-YUNGAY',1,0,NULL,NULL,'OFICINA_ALMACEN'),
 (13,'579','MINEDU/GRA/DRE-A/UGEL-Y/DGP-ASEC','OFICINA DE ASEC-YUNGAY',1,0,NULL,NULL,'OFICINA_ASEC'),
 (14,'596','MINEDU/GRA/DRE-A/UGEL-Y/D-AJ','OFICINA DE ASESORIA JURIDICA-YUNGAY',1,0,NULL,NULL,'OFICINA_ASESORIA'),
 (15,'618','MINEDUGRADREAUGELYAGAD-AS','OFICINA DE ASISTENCIA SOCIAL-YUNGAY',1,0,NULL,NULL,'AS'),
 (16,'583','MINEDU/GRA/DRE-A/UGEL-Y/DGA-CJ','OFICINA DE CAJA-YUNGAY',1,0,NULL,NULL,'OFICINA_CAJA'),
 (17,'616','MINEDU/GRA/DRE-A/UGEL-Y/D/DGA/D-CEANM','OFICINA DE COMISION DE ASCENSO DE NIVEL MAGISTERIAL-YUNGAY',1,0,NULL,NULL,'CEVAASCENSONIVELL'),
 (18,'946','CCA','OFICINA DE COMISION DE CONTRATO AUXILIAR - YUNGAY',1,0,NULL,NULL,'COMSION DE CONTRATO AUXILIAR'),
 (19,'667','MINEDU/GRA/DRE-A/UGEL-Y/D-CCA','OFICINA DE COMISION DE CONTRATOS DE ADMINISTRATIVOS-YUNGAY',1,0,NULL,NULL,'OCCA'),
 (20,'615','MINEDU/GRA/DRE-A/UGEL-Y/D/DGP/D-CI','OFICINA DE COMISION DE EVALUACION DE ENCARGO DE DIRECTIVOS -YUNGAY',1,0,NULL,NULL,'OFC.CDED'),
 (21,'610','MINEDU/GRA/DRE-A/UGEL-Y/D/DGP/D-CEDCETPR','OFICINA DE COMISION DE EVALUACION DOCENTE CETPRO-YUNGAY',1,0,NULL,NULL,'OFCEVADOCCETPRO'),
 (22,'634','MINEDU/GRA/DRE-A/UGEL-Y/D/DGP/D-CCD','OFICINA DE COMISIÓN DE CONTRATO DOCENTE-YUNGAY',1,0,NULL,NULL,'OCCD'),
 (23,'624','MINEDU/GRA/DRE-A/UGEL-Y/D-CCCI','OFICINA DE COMITE DE CONTROL INTERNO-YUNGAY',1,0,NULL,NULL,'OCCI'),
 (24,'977','MINEDU/GRA/DREA/UGELY/DIR.CEDD','OFICINA DE COMITE DE EVALUACION DE DESEMPEÑO DIRECTIVO-YUNGAY',1,0,NULL,NULL,'COMITE DE DESEMPEÑO DIRECTIVO'),
 (25,'622','MINEDU/GRA/DRE-A/UGEL-Y/D-CEDD','OFICINA DE COMITE DE EVALUACION DE DESEMPEÑO DOCENTE-YUNGAY',1,0,NULL,NULL,'OFCCDD'),
 (26,'581','MINEDU/GRA/DRE-A/UGEL-Y/DGA-CONT','OFICINA DE CONTABILIDAD-YUNGAY',1,0,NULL,NULL,'OFICINA_CONTABILIDAD'),
 (27,'741','MINEDU/GRA/DRE-A/UGELY/AGP-OCE','OFICINA DE CONVIVENCIA ESCOLAR-YUNGAY',1,0,NULL,NULL,'CONVIVENCIA ESCOLAR'),
 (28,'574','MINEDU/GRA/DRE-A/UGEL-Y/DGP-EINI','OFICINA DE EDUCACION INICIAL-YUNGAY',1,0,NULL,NULL,'OFICINA_EINICIAL'),
 (29,'575','MINEDU/GRA/DRE-A/UGEL-Y/DGP-EPRI','OFICINA DE EDUCACION PRIMARIA-YUNGAY',1,0,NULL,NULL,'OFICINA_EPRINARIA'),
 (30,'578','MINEDU/GRA/DRE-A/UGEL-Y/DGP-ES','OFICINA DE EDUCACION SECUNDARIA - YUNGAY',1,0,NULL,NULL,'OFICINA_ESECUNDARIA'),
 (31,'589','MINEDU/GRA/DRE-A/UGEL-Y/DGA-ESC','OFICINA DE ESCALAFON-YUNGAY',1,0,NULL,NULL,'OFICINA_ESCALAFON'),
 (32,'592','MINEDU/GRA/DRE-A/UGEL-Y/DGI-EST','OFICINA DE ESTADISTICA/SIAGIE-YUNGAY',1,0,NULL,NULL,'OFICINA_ESTADISTICA'),
 (33,'643','MINEDU/GRA/DRE-A/UGEL-Y/D/DGP/D-CERRPPA','OFICINA DE EVAL. DE ROTACIONES, REASIG. Y PERMUTAS DEL PERSONAL ADM.-YUNGAY',1,0,NULL,NULL,'CERRPPA'),
 (34,'590','MINEDU/GRA/DRE-A/UGEL-Y/DGI-EF','OFICINA DE FINANZAS-YUNGAY',1,0,NULL,NULL,'OFICINA_FINANZAS'),
 (35,'763','MINEDU/GRA/DRE-A/UGELY/AGP-GC','OFICINA DE GESTOR CURRICULAR-YUNGAY',1,0,NULL,NULL,'GCURRICULAR'),
 (36,'621','MINEDU/GRA/DRE-A/UGEL-Y/DGI/D-GL','OFICINA DE GESTOR LOCAL-YUNGAY',1,0,NULL,NULL,'OFCGL'),
 (37,'620','MINEDU/GRA/DRE-A/UGEL-Y/DGA/D-OGUARDIA','OFICINA DE GUARDIANIA-YUNGAY',1,0,NULL,NULL,'OFCGUARDIANIA'),
 (38,'593','MINEDU/GRA/DRE-A/UGEL-Y/DGI-INF','OFICINA DE INFRAESTRUCTURA-YUNGAY',1,0,NULL,NULL,'OFICNA_INFRAESTRUCTURA'),
 (39,'595','MINEDU/GRA/DRE-A/UGEL-Y/OCI-EI','OFICINA DE INSPECTORIA-YUNGAY',1,0,NULL,NULL,'OFICINA_INSPECTORIA'),
 (40,'604','MINEDUDREAUGELYD-MP','OFICINA DE MESA DE PARTES-UGEL YUNGAY',1,0,NULL,NULL,'OFC_MESADEPARTES'),
 (41,'609','MINEDU/GRA/DRE-A/UGEL-Y/DGA/D-MEED','OFICINA DE MONITOREO DE EVALUACION DE ESTUDIANTES Y DOCENTES-YUNGAY',1,0,NULL,NULL,'OFCSEGMONI'),
 (42,'586','MINEDU/GRA/DRE-A/UGEL-Y/DGA-PAT','OFICINA DE PATRIMONIO-YUNGAY',1,0,NULL,NULL,'OFICINA_PATRIMONIO'),
 (43,'584','MINEDU/GRA/DRE-A/UGEL-Y/DGA-EPER','OFICINA DE PERSONAL-YUNGAY',1,0,NULL,NULL,'OFICINA_PERSONAL'),
 (44,'594','MINEDU/GRA/DRE-A/UGEL-Y/DGI-PLANIF','OFICINA DE PLANIFICACION-YUNGAY',1,0,NULL,NULL,'OFICINA_PLANIFICACION'),
 (45,'588','MINEDU/GRA/DRE-A/UGEL-Y/DGA-PLLA','OFICINA DE PLANILLAS-YUNGAY',1,0,NULL,NULL,'OFICINA_PLANILLAS'),
 (46,'612','MINEDU/GRA/DRE-A/UGEL-Y/D/DGA-D-PREVAED','OFICINA DE PREVAED-YUNGAY',1,0,NULL,NULL,'OFC-PREVAED'),
 (47,'607','MINEDU/GRA/DRE-A/UGEL-Y/D-COPROA','OFICINA DE PROCESOS ADMINISTRATIVOS-YUNGAY',1,0,NULL,NULL,'OFC-COPROA'),
 (48,'580','MINEDU/GRA/DRE-A/UGEL-Y/DGP-PRONOEI','OFICINA DE PRONOEI-YUNGAY',1,0,NULL,NULL,'OFICINA_PRONOEI'),
 (49,'591','MINEDU/GRA/DRE-A/UGEL-Y/DGI-ER','OFICINA DE RACIONALIZACION-YUNGAY',1,0,NULL,NULL,'OFICINA_RACIONALIZACION'),
 (50,'577','MINEDU/GRA/DRE-A/UGEL-Y/DGP-ERED','OFICINA DE RED-YUNGAY',1,0,NULL,NULL,'OFICINA_RED'),
 (51,'632','MINEDU/GRA/DRE-A/UGEL-Y/D-RRPP','OFICINA DE RELACIONES PUBLICAS-YUNGAY',1,0,NULL,NULL,'RELACIONES PUBLICAS'),
 (52,'617','MINEDU/GRA/DRE-A/UGEL-Y/DGI/D-RLCI','OFICINA DE RESPONSABLE LOCAL DE CALIDAD DE LA INFORMACION-YUNGAY',1,0,NULL,NULL,'RLCI'),
 (53,'582','MINEDU/GRA/DRE-A/UGEL-Y/DGA-TESO','OFICINA DE TESORERIA-YUNGAY',1,0,NULL,NULL,'OFICINA_TESORERIA'),
 (54,'597','MINEDU/GRA/DRE-A/UGEL-Y/D-TD','OFICINA DE TRAMITE DOCUMENTARIO-YUNGAY',1,0,NULL,NULL,'OFICINA_TRAMITE'),
 (55,'619','MINEDU/GRA/DRE-A/UGEL-Y/DGA/D-OFCTRANSP','OFICINA DE TRANSPORTES-YUNGAY',1,0,NULL,NULL,'OFCTRANSP'),
 (56,'765','JECC','OFICINA DEL PROGAMA JEC COMUNICACION-YUNGAY',1,0,NULL,NULL,'JEC COMUNICACION'),
 (57,'764','JECM','OFICINA DEL PROGAMA JEC MATEMATICA-YUNGAY',1,0,NULL,NULL,'JEC MATEMATICA'),
 (58,'570','MINEDU/GRA/DRE-A/UGEL-Y/OCI-D','ORGANO DE CONTROL INSTITUCIONAL-YUNGAY',1,0,NULL,NULL,'OCI'),
 (59,'603','MINEDU/GRA/DRE-A/UGEL-Y/D/DGA-D','SECRETARIA DE DGA UGEL-YUNGAY',1,0,NULL,NULL,'SEC_DGA_YUNGAY'),
 (60,'600','MINEDU/GRA/DRE-A/UGEL-Y/D/DGI-D-SEC','SECRETARIA DE DGI UGEL-YUNGAY',1,0,NULL,NULL,'SEC_DGI_YUNGAY'),
 (61,'601','MINEDU/GRA/DRE-A/UGEL-Y/D/DGP-D-SEC','SECRETARIA DE DGP UGEL-YUNGAY',1,0,NULL,NULL,'SEC_DGP_YUNGAY'),
 (62,'599','MINEDU/GRA/DRE-A/UGEL-Y/D-SEC.','SECRETARIA DE DIRECCION UGEL-YUNGAY',1,0,NULL,NULL,'SEC_UGEL_YUNGAY'),
 (63,'602','MINEDU/GRA/DRE-A/UGEL-Y/D/OCI-D-SEC','SECRETARIA DE OCI UGEL-YUNGAY',1,0,NULL,NULL,'SEC_OCI_YUNGAY');
/*!40000 ALTER TABLE `unidadorganicas` ENABLE KEYS */;


--
-- Definition of table `users`
--

DROP TABLE IF EXISTS `users`;
CREATE TABLE `users` (
  `id` int(11) NOT NULL AUTO_INCREMENT,
  `name` varchar(250) DEFAULT NULL,
  `email` varchar(500) DEFAULT NULL,
  `password` varchar(500) DEFAULT NULL,
  `remember_token` varchar(500) DEFAULT NULL,
  `tipouser_id` int(11) NOT NULL,
  `persona_id` int(11) NOT NULL,
  `activo` tinyint(4) DEFAULT NULL,
  `borrado` tinyint(4) DEFAULT NULL,
  `created_at` timestamp NOT NULL DEFAULT CURRENT_TIMESTAMP ON UPDATE CURRENT_TIMESTAMP,
  `updated_at` timestamp NOT NULL DEFAULT '0000-00-00 00:00:00',
  PRIMARY KEY (`id`),
  KEY `fk_users_tipousers_idx` (`tipouser_id`),
  KEY `fk_users_persona1_idx` (`persona_id`),
  CONSTRAINT `fk_users_persona1` FOREIGN KEY (`persona_id`) REFERENCES `personas` (`id`) ON DELETE NO ACTION ON UPDATE NO ACTION,
  CONSTRAINT `fk_users_tipousers` FOREIGN KEY (`tipouser_id`) REFERENCES `tipousers` (`id`) ON DELETE NO ACTION ON UPDATE NO ACTION
) ENGINE=InnoDB AUTO_INCREMENT=5 DEFAULT CHARSET=utf8;

--
-- Dumping data for table `users`
--

/*!40000 ALTER TABLE `users` DISABLE KEYS */;
INSERT INTO `users` (`id`,`name`,`email`,`password`,`remember_token`,`tipouser_id`,`persona_id`,`activo`,`borrado`,`created_at`,`updated_at`) VALUES 
 (1,'admin','cristian_7_70@hotmail.com','$2y$10$8R0Wn4QFvXNfiCdfM3XgIO36/Cw.qBEsJ9VMc1wls0pbK4Sx2cjES','t3TUVzmEBPie6jMtzSp5AHYWx0ScjcD8XFVXg5C9hkYZqYJD2Yy7lLCWqgAq',1,1,1,0,'2019-07-16 16:15:05','0000-00-00 00:00:00'),
 (2,'moyis','moyis@mail.com','$2y$10$62bRs7sv8r4CIloo0dtu1eRWHjBQdkJnix5osu7gie7Pbsd16Jwfe','35GrhjsyInS5SekURhZk4bOMcDRDbHaxV5YvUEtmP6BQMTGz20P2bLVscuD1',3,2,1,0,'2019-07-13 16:29:03','2019-07-13 16:03:53'),
 (3,'crisfer2','crisfernex@gmail.com','$2y$10$179VlkNX5DdEyBqqkCrzCeqjRVb5d4tdsdV4RaKde6bcqycbF1n3y',NULL,3,3,1,1,'2019-07-13 17:45:58','2019-07-13 16:30:26'),
 (4,'crisfer','crisfernex@gmail.com','$2y$10$8R0Wn4QFvXNfiCdfM3XgIO36/Cw.qBEsJ9VMc1wls0pbK4Sx2cjES','67DEou4YGRgjHYNSyJUi7HJsgfrWTbLObM8rvPgP8h7f5ivFE9TYTd2Q8U5u',3,4,1,0,'2019-07-16 16:15:30','2019-07-15 11:47:11');
/*!40000 ALTER TABLE `users` ENABLE KEYS */;




/*!40101 SET SQL_MODE=@OLD_SQL_MODE */;
/*!40014 SET FOREIGN_KEY_CHECKS=@OLD_FOREIGN_KEY_CHECKS */;
/*!40014 SET UNIQUE_CHECKS=@OLD_UNIQUE_CHECKS */;
/*!40101 SET CHARACTER_SET_CLIENT=@OLD_CHARACTER_SET_CLIENT */;
/*!40101 SET CHARACTER_SET_RESULTS=@OLD_CHARACTER_SET_RESULTS */;
/*!40101 SET COLLATION_CONNECTION=@OLD_COLLATION_CONNECTION */;
/*!40101 SET CHARACTER_SET_CLIENT=@OLD_CHARACTER_SET_CLIENT */;
